time (s), lifter (1cm), left pedal pos (1cm), left slider pos (1cm), right pedal pos (1cm), right slider pos (1cm), stock left extend pos (1cm), stock left slider pos (1cm), stock right extend pos (10cm), stock right slider pos (1cm), lifter current (A), left pedal current (A), left slider current (A), right pedal current (A), right slider current (A), stock left extend current (A), stock left slider current (A), stock right extend current (A), stock right slider current (A),tilt left,rand,tilt left rand
0,0.0005,0,0,0,0,0,0.001,-0.001,-0.002,0,0,0,0,0,0,0,0,0,0,0.171518946,0.171518946
0.1,0,0,0,0,0,0,0.001,-0.001,-0.002,0,0,0,0,0,0,0,0,0,0,0.052147786,0.052147786
0.2,0.00025,0,0,0,0,0,0.001,-0.001,-0.002,0,0,0,0,0,0,0,0,0,0,0.165443856,0.165443856
0.3,0.0005,0,0,0,0,1.288,0.233,-0.001,-0.002,0,0,0,0,0,0,0,0,0,0,0.12267726,0.12267726
0.4,0.00025,0,0,0,0,6.246,2.561,-0.001,-0.002,0,0,0,0,0,0,0,0,0,0.783157153,0.086137174,0.869294327
0.5,0,0,0,0,0,10.19,5.972,-0.001,-0.002,0,0,0,0,0,0,0,0,0,1.552914271,0.165930924,1.718845194
0.6,0.00025,0,0,0,0,13.142,9.482,-0.001,-0.002,0,0,0,0,0,0,0,0,0,2.296100594,0.152139598,2.448240192
0.7,0.0005,0,0,0,0,14.912,12.567,-0.001,-0.002,0,0,0,0,0,0,0,0,0,3,0.074052149,3.074052149
0.8,0.00025,0,0,0,0,15.498,15.426,-0.001,-0.002,0,0,0,0,0,0,0,0,0,3.652568574,0.1682049,3.820773475
0.9,0,0,0,0,0,15.412,17.482,-0.001,-0.002,0,0,0,0,0,0,0,0,0,4.242640687,0.161184072,4.403824759
1,0.00025,0,0,0,0,14.867,19.318,-0.001,-0.002,0,0,0,0,0,0,0,0,0,4.760120042,0.174471408,4.93459145
1.1,0.0005,0,0,0,0,13.846,20.734,-0.001,-0.002,0,0,0,0,0,0,0,0,0,5.196152423,0.190440695,5.386593118
1.2,0.00025,0,0,0,0,12.343,21.733,-0.001,-0.002,0,0,0,0,0,0,0,0,0,5.543277195,0.139598718,5.682875913
1.3,0,0,0,0,0,10.287,22.349,-0.001,-0.002,0,0,0,0,0,0,0,0,0,5.795554958,0.096320961,5.891875918
1.4,0.0005,0,0,0,0,8.073999,22.503,-0.001,-0.002,0,0,0,0,0,0,0,0,0,5.948669168,0.133553298,6.082222466
1.5,0.599,0,0,0,0,7.99,22.477,-0.001,-0.002,0,0,0,0,0,0,0,0,0,6,0.150328587,6.150328587
1.6,1.655,0,0,0,0,7.856,21.977,-0.001,-0.002,0,0,0,0,0,0,0,0,0,5.840481407,0.151912695,5.992394102
1.7,3.01525,0,0,0,0,7.415,20.012,-0.001,-0.002,0,0,0,0,0,0,0,0,0,5.366772518,0.147064234,5.513836753
1.8,4.06425,0,0,0,0,6.658,16.187,0.979,0.209,0,0,0,0,0,0,0,0,0,4.59326674,0.111440223,4.704706962
1.9,4.71375,0,0,0,0,5.932,12.365,5.035,1.8,0,0,0,0,0,0,0,0,0,3.543466653,0.02051458,3.563981233
2,4.98975,0,0,0,0,5.16,8.383,9.468,5.344,0,0,0,0,0,0,0,0,0,2.249269902,0.001820174,2.251090076
2.1,4.8895,0,0,0,0,4.431,4.768,12.617,8.882,0,0,0,0,0,0,0,0,0,0.75,0.010322736,0.760322736
2.2,3.6655,0,0,0,0,3.732,1.218,14.777,12.435,0,0,0,0,0,0,0,0,0,-0.908788495,0.133322791,-0.775465704
2.3,2.38725,0,0,0,0,3.14,-1.62,15.475,14.82,0,0,0,0,0,0,0,0,0,-2.676694134,0.137124555,-2.53956958
2.4,1.4205,0,0,0,0,2.6,-4.313,15.466,17.123,0,0,0,0,0,0,0,0,0,-4.5,0.145755465,-4.354244535
2.5,0.7955,0,0,0,0,2.098,-6.881,14.976,19.19,0,0,0,0,0,0,0,0,0,-6.323305866,0.049408527,-6.273897339
2.6,0.517,0,0,0,0,1.691,-8.823,14.103,20.508,0,0,0,0,0,0,0,0,0,-8.091211505,0.170189544,-7.921021961
2.7,0.4995,0,0,0,0,1.334,-10.642,12.682,21.578,0,0,0,0,0,0,0,0,0,-9.75,0.035490924,-9.714509076
2.8,0.49975,0,0,0,0,1.041,-12.128,10.791,22.236,0,0,0,0,0,0,0,0,0,-11.2492699,0.153032304,-11.0962376
2.9,0.50025,0,0,0,0,0.811,-13.292,8.576,22.488,0,0,0,0,0,0,0,0,0,-12.54346665,0.188876809,-12.35458984
3,0.81275,0,0,0,0,0.581,-14.503,7.986,22.475,0,0,0,0,0,0,0,0,0,-13.59326674,0.15635599,-13.43691075
3.1,1.789,0,0,0,0,0.541,-14.73,7.891,22.187,0,0,0,0,0,0,0,0,0,-14.36677252,0.047122131,-14.31965039
3.2,3.2645,0,0,0,0,0.501,-14.985,7.439,20.35,0,0,0,0,0,0,0,0,0,-14.84048141,0.178935841,-14.66154557
3.3,4.4895,0,0,0,0,0.809,-14.94,6.58,16.047,0,0,0,0,0,0,0,0,0,-15,0.19421375,-14.80578625
3.4,5.10925,0,0,0,0,4.114,-13.205,5.978,12.854,0,0,0,0,0,0,0,0,0,-14.64222118,0.039909787,-14.60231139
3.5,5.46475,0,0,0,0,8.709,-8.137,5.189,8.76,0,0,0,0,0,0,0,0,0,-13.59326674,0.163361741,-13.429905
3.6,5.4765,0,0,0,0,12.411,-1.721,4.404,4.753,0,0,0,0,0,0,0,0,0,-11.9246212,0.168770492,-11.75585071
3.7,4.46675,0,0,0,0,14.669,3.878,3.788,1.796,0,0,0,0,0,0,0,0,0,-9.75,0.129835921,-9.620164079
3.8,3.13375,0,0,0,0,15.852,8.483,3.174,-1.266,0,0,0,0,0,0,0,0,0,-7.217599974,0.135739751,-7.081860222
3.9,2.0605,0,0,0,0,15.995,12.84,2.559,-4.419,0,0,0,0,0,0,0,0,0,-4.5,0.129947754,-4.370052246
4,1.4005,0,0,0,0,15.712,15.804,2.141,-6.434,0,0,0,0,0,0,0,0,0,-1.782400026,0.180920862,-1.601479165
4.1,1.04825,0,0,0,0,14.941,18.502,1.717,-8.58,0,0,0,0,0,0,0,0,0,0.75,0.044238794,0.794238794
4.2,1,0,0,0,0,13.637,20.558,1.347,-10.461,0,0,0,0,0,0,0,0,0,2.924621202,0.152423803,3.077045005
4.3,0.99975,0,0,0,0,11.864,21.906,1.03,-12.113,0,0,0,0,0,0,0,0,0,4.59326674,0.141436418,4.734703158
4.4,0.99975,0,0,0,0,9.756,22.457,0.823,-13.169,0,0,0,0,0,0,0,0,0,5.642221176,0.006558119,5.648779295
4.5,1.06,0,0,0,0,8.501,22.499,0.57,-14.535,0,0,0,0,0,0,0,0,0,6,0.072792089,6.072792089
4.6,1.87825,0,0,0,0,8.468,22.398,0.547,-14.654,0,0,0,0,0,0,0,0,0,5.840481407,0.050902037,5.891383444
4.7,3.4035,0,0,0,0,8.137,20.913,0.502,-14.971,0,0,0,0,0,0,0,0,0,5.366772518,0.10694393,5.473716448
4.8,4.75525,0,0,0,0,7.283999,16.739,0.85,-14.9,0,0,0,0,0,0,0,0,0,4.59326674,0.098554663,4.691821403
4.9,5.46075,0,0,0,0,6.743,13.913,3.347,-13.778,0,0,0,0,0,0,0,0,0,3.543466653,0.056927384,3.600394037
5,5.91225,0,0,0,0,5.977,9.854,8.085,-9.023001,0,0,0,0,0,0,0,0,0,2.249269902,0.159896256,2.409166157
5.1,5.99625,0,0,0,0,5.007,4.908,12.875,-0.622,0,0,0,0,0,0,0,0,0,0.75,0.090128443,0.840128443
5.2,5.43875,0,0,0,0,4.524,2.636,14.369,2.827,0,0,0,0,0,0,0,0,0,-0.908788495,0.197750289,-0.711038207
5.3,4.0755,0,0,0,0,3.888,-0.502,15.739,7.753,0,0,0,0,0,0,0,0,0,-2.676694134,0.02814084,-2.648553294
5.4,2.8225,0,0,0,0,3.149,-4.231,15.99,13.384,0,0,0,0,0,0,0,0,0,-4.5,0.088108722,-4.411891278
5.5,2.1,0,0,0,0,2.803,-5.865,15.823,15.392,0,0,0,0,0,0,0,0,0,-6.323305866,0.03847464,-6.284831225
5.6,1.6265,0,0,0,0,2.35,-8.116,15.14,18.228,0,0,0,0,0,0,0,0,0,-8.091211505,0.015455519,-8.075755986
5.7,1.49975,0,0,0,0,1.876,-10.519,13.52,20.815,0,0,0,0,0,0,0,0,0,-9.75,0.17598161,-9.57401839
5.8,1.49975,0,0,0,0,1.649,-11.62,12.376,21.669,0,0,0,0,0,0,0,0,0,-11.2492699,0.047481421,-11.20178848
5.9,1.4995,0,0,0,0,1.395,-12.915,10.251,22.387,0,0,0,0,0,0,0,0,0,-12.54346665,0.141920826,-12.40154583
6,1.5,0,0,0,0,1.194,-14.164,8.513,22.514,0,0,0,0,0,0,0,0,0,-13.59326674,0.143273194,-13.44999355
6.1,2.0405,0,0,0,0,1.07,-14.597,8.485,22.44,0,0,0,0,0,0,0,0,0,-14.36677252,0.00118779,-14.36558473
6.2,3.524,0,0,0,0,1.009,-14.925,8.23,21.41,0,0,0,0,0,0,0,0,0,-14.84048141,0.097789493,-14.74269191
6.3,4.84025,0,0,0,0,0.999,-14.999,7.472,17.482,0,0,0,0,0,0,0,0,0,-15,0.160211423,-14.83978858
6.4,5.77525,0,0,0,0,2.751,-14.26,6.884,14.722,0,0,0,0,0,0,0,0,0,-14.64222118,0.146573988,-14.49564719
6.5,6.33,0,0,0,0,7.592,-9.965,6.069,10.349,0,0,0,0,0,0,0,0,0,-13.59326674,0.166820336,-13.4264464
6.6,6.499,0,0,0,0,11.494,-4.357,5.306,5.652,0,0,0,0,0,0,0,0,0,-11.9246212,0.055052927,-11.86956828
6.7,6.12325,0,0,0,0,14.375,1.686,4.644,3.266,0,0,0,0,0,0,0,0,0,-9.75,0.12814578,-9.62185422
6.8,4.76275,0,0,0,0,16.021,6.991,3.993,0.062,0,0,0,0,0,0,0,0,0,-7.217599974,0.17855356,-7.039046414
6.9,3.538,0,0,0,0,16.5,11.722,3.214,-3.871,0,0,0,0,0,0,0,0,0,-4.5,0.155014866,-4.344985134
7,2.69575,0,0,0,0,16.394,14.709,2.891,-5.419,0,0,0,0,0,0,0,0,0,-1.782400026,0.131477848,-1.650922179
7.1,2.1765,0,0,0,0,15.827,17.64,2.432,-7.691,0,0,0,0,0,0,0,0,0,0.75,0.158220124,0.908220124
7.2,2,0,0,0,0,14.733,20.008,1.97,-10.344,0,0,0,0,0,0,0,0,0,2.924621202,0.039984707,2.964605909
7.3,1.9995,0,0,0,0,13.252,21.445,1.706,-11.327,0,0,0,0,0,0,0,0,0,4.59326674,0.104861535,4.698128275
7.4,2,0,0,0,0,11.241,22.317,1.439,-12.669,0,0,0,0,0,0,0,0,0,5.642221176,0.176397901,5.818619077
7.5,2.00025,0,0,0,0,8.969,22.503,1.235,-13.706,0,0,0,0,0,0,0,0,0,6,0.114851832,6.114851832
7.6,2.67225,0,0,0,0,8.992,22.475,1.064,-14.629,0,0,0,0,0,0,0,0,0,5.840481407,0.04026992,5.880751327
7.7,3.85225,0,0,0,0,8.832,21.857,1.017,-14.87,0,0,0,0,0,0,0,0,0,5.366772518,0.112578094,5.479350612
7.8,5.21425,0,0,0,0,8.344,19.683,1,-14.991,0,0,0,0,0,0,0,0,0,4.59326674,0.187293338,4.780560078
7.9,6.19775,0,0,0,0,7.573,15.697,2.891,-14.184,0,0,0,0,0,0,0,0,0,3.543466653,0.142564088,3.68603074
8,6.78725,0,0,0,0,6.843,11.898,7.068,-10.869,0,0,0,0,0,0,0,0,0,2.249269902,0.144156049,2.393425951
8.1,6.999,0,0,0,0,6.071,7.938,11.286,-4.769,0,0,0,0,0,0,0,0,0,0.75,0.131031141,0.881031141
8.2,6.72775,0,0,0,0,5.342,4.339,14.175,1.181,0,0,0,0,0,0,0,0,0,-0.908788495,0.172470548,-0.736317947
8.3,5.40025,0,0,0,0,4.673,1,15.952,6.435,0,0,0,0,0,0,0,0,0,-2.676694134,0.155615179,-2.521078956
8.400001,4.14275,0,0,0,0,4.048,-2.185,16.498,11.68,0,0,0,0,0,0,0,0,0,-4.5,0.078135115,-4.421864885
8.5,3.266,0,0,0,0,3.532,-4.662,16.421,14.483,0,0,0,0,0,0,0,0,0,-6.323305866,0.167830137,-6.155475728
8.6,2.70975,0,0,0,0,3.053,-7.05,15.877,17.498,0,0,0,0,0,0,0,0,0,-8.091211505,0.018336699,-8.072874806
8.7,2.502,0,0,0,0,2.629,-9.223001,14.749,19.989,0,0,0,0,0,0,0,0,0,-9.75,0.059384749,-9.690615251
8.8,2.5,0,0,0,0,2.293,-10.863,13.363,21.346,0,0,0,0,0,0,0,0,0,-11.2492699,0.141336755,-11.10793315
8.900001,2.5,0,0,0,0,2.007,-12.306,11.393,22.255,0,0,0,0,0,0,0,0,0,-12.54346665,0.015875833,-12.52759082
9,2.50025,0,0,0,0,1.776,-13.517,8.929,22.503,0,0,0,0,0,0,0,0,0,-13.59326674,0.007309695,-13.58595705
9.1,3.06925,0,0,0,0,1.596,-14.444,8.989,22.469,0,0,0,0,0,0,0,0,0,-14.36677252,0.030180578,-14.33659194
9.2,4.24625,0,0,0,0,1.531,-14.784,8.82,21.845,0,0,0,0,0,0,0,0,0,-14.84048141,0.138193525,-14.70228788
9.3,5.62925,0,0,0,0,1.5,-14.994,8.321,19.64,0,0,0,0,0,0,0,0,0,-15,0.122125243,-14.87787476
9.400001,6.6465,0,0,0,0,2.641,-14.556,7.493,15.486,0,0,0,0,0,0,0,0,0,-14.64222118,0.185013619,-14.45720756
9.5,7.25875,0,0,0,0,7.049,-11.375,6.813,11.78,0,0,0,0,0,0,0,0,0,-13.59326674,0.030415947,-13.56285079
9.6,7.49625,0,0,0,0,11.298,-5.602,6.04,7.801,0,0,0,0,0,0,0,0,0,-11.9246212,0.024896903,-11.8997243
9.7,7.2505,0,0,0,0,14.383,0.335,5.322,4.283,0,0,0,0,0,0,0,0,0,-9.75,0.071789836,-9.678210164
9.8,5.93375,0,0,0,0,16.279,5.983,4.658,0.987,0,0,0,0,0,0,0,0,0,-7.217599974,0.079383886,-7.138216088
9.900001,4.6765,0,0,0,0,16.995,10.406,4.012,-2.266,0,0,0,0,0,0,0,0,0,-4.5,0.137520696,-4.362479304
10,3.78325,0,0,0,0,16.91,13.967,3.513,-4.721,0,0,0,0,0,0,0,0,0,-1.782400026,0.02225418,-1.760145847
10.1,3.222,0,0,0,0,16.365,17.049,3.041,-7.087,0,0,0,0,0,0,0,0,0,0.75,0.126401512,0.876401512
10.2,3.0035,0,0,0,0,15.342,19.439,2.631,-9.139,0,0,0,0,0,0,0,0,0,2.924621202,0.031681679,2.956302882
10.3,2.99975,0,0,0,0,13.823,21.172,2.281,-10.907,0,0,0,0,0,0,0,0,0,4.59326674,0.136464584,4.729731324
10.4,2.99975,0,0,0,0,11.779,22.219,1.98,-12.463,0,0,0,0,0,0,0,0,0,5.642221176,0.000814173,5.643035349
10.5,3.00025,0,0,0,0,9.565001,22.502,1.783,-13.44,0,0,0,0,0,0,0,0,0,6,0.072106713,6.072106713
10.6,3.96975,0,0,0,0,9.483,22.463,1.558,-14.641,0,0,0,0,0,0,0,0,0,5.840481407,0.022597049,5.863078456
10.7,4.673,0,0,0,0,9.406,22.199,1.53,-14.781,0,0,0,0,0,0,0,0,0,5.366772518,0.049681655,5.416454173
10.8,6.0915,0,0,0,0,8.967,20.248,1.501,-14.99,0,0,0,0,0,0,0,0,0,4.59326674,0.194953056,4.788219795
10.9,7.09425,0,0,0,0,8.296,17.189,2.114,-14.823,0,0,0,0,0,0,0,0,0,3.543466653,0.073589322,3.617055974
11,7.736,0,0,0,0,7.533,13.026,6.499,-11.937,0,0,0,0,0,0,0,0,0,2.249269902,0.055342199,2.304612101
11.1,7.993,0,0,0,0,6.769,9.028,10.837,-6.291,0,0,0,0,0,0,0,0,0,0.75,0.024821236,0.774821236
11.2,7.8575,0,0,0,0,6.025,5.323,14.088,-0.202,0,0,0,0,0,0,0,0,0,-0.908788495,0.056198674,-0.852589821
11.3,6.595,0,0,0,0,5.309,1.679,16.272,5.905,0,0,0,0,0,0,0,0,0,-2.676694134,0.052731666,-2.623962469
11.4,5.33275,0,0,0,0,4.719,-1.136,16.97,9.766001,0,0,0,0,0,0,0,0,0,-4.5,0.143726,-4.356274
11.5,4.3825,0,0,0,0,4.168,-3.869,16.956,13.504,0,0,0,0,0,0,0,0,0,-6.323305866,0.162596243,-6.160709623
11.6,3.771,0,0,0,0,3.656,-6.497,16.439,16.926,0,0,0,0,0,0,0,0,0,-8.091211505,0.039173192,-8.052038313
11.7,3.5125,0,0,0,0,3.245,-8.512,15.517,19.239,0,0,0,0,0,0,0,0,0,-9.75,0.011136277,-9.738863723
11.8,3.49975,0,0,0,0,2.881,-10.36,14.083,21.001,0,0,0,0,0,0,0,0,0,-11.2492699,0.009242598,-11.2400273
11.9,3.49975,0,0,0,0,2.574,-11.912,12.142,22.091,0,0,0,0,0,0,0,0,0,-12.54346665,0.10337209,-12.44009456
12,3.5,0,0,0,0,2.337,-13.138,9.868,22.495,0,0,0,0,0,0,0,0,0,-13.59326674,0.167519115,-13.42574762
12.1,4.02925,0,0,0,0,2.086,-14.476,9.482,22.471,0,0,0,0,0,0,0,0,0,-14.36677252,0.092838911,-14.27393361
12.2,4.90125,0,0,0,0,2.05,-14.654,9.42,22.3,0,0,0,0,0,0,0,0,0,-14.84048141,0.13169973,-14.70878168
12.3,6.3595,0,0,0,0,2.003,-14.971,8.967,20.34,0,0,0,0,0,0,0,0,0,-15,0.008516346,-14.99148365
12.4,7.4405,0,0,0,0,2.271,-14.961,8.323999,17.448,0,0,0,0,0,0,0,0,0,-14.64222118,0.143796381,-14.4984248
12.5,8.14775,0,0,0,0,6.28,-12.643,7.56,13.278,0,0,0,0,0,0,0,0,0,-13.59326674,0.081327484,-13.51193926
12.6,8.475,0,0,0,0,10.794,-7.274,6.797,9.258,0,0,0,0,0,0,0,0,0,-11.9246212,0.082897772,-11.84172343
12.7,8.4175,0,0,0,0,14.318,-0.876,5.974,5.091,0,0,0,0,0,0,0,0,0,-9.75,0.191794524,-9.558205476
12.8,7.268,0,0,0,0,16.387,4.612,5.366,2.179,0,0,0,0,0,0,0,0,0,-7.217599974,0.093392854,-7.124207119
12.9,5.96175,0,0,0,0,17.417,9.113,4.752,-0.897,0,0,0,0,0,0,0,0,0,-4.5,0.124027133,-4.375972867
13,4.9725,0,0,0,0,17.475,12.98,4.187,-3.704,0,0,0,0,0,0,0,0,0,-1.782400026,0.014395743,-1.768004284
13.1,4.325,0,0,0,0,17.039,16.426,3.655,-6.411,0,0,0,0,0,0,0,0,0,0.75,0.169456898,0.919456898
13.2,4.025,0,0,0,0,16.172,18.84,3.261,-8.36,0,0,0,0,0,0,0,0,0,2.924621202,0.147549309,3.072170511
13.3,3.9995,0,0,0,0,14.805,20.727,2.9,-10.198,0,0,0,0,0,0,0,0,0,4.59326674,0.16900838,4.76227512
13.4,4.00025,0,0,0,0,12.945,21.967,2.587,-11.811,0,0,0,0,0,0,0,0,0,5.642221176,0.098230296,5.740451472
13.5,4,0,0,0,0,10.557,22.494,2.322,-13.216,0,0,0,0,0,0,0,0,0,6,0.165446362,6.165446362
13.6,4.25825,0,0,0,0,9.99,22.481,2.074,-14.521,0,0,0,0,0,0,0,0,0,5.840481407,0.191864223,6.032345629
13.7,5.221,0,0,0,0,9.941999,22.31,2.046,-14.669,0,0,0,0,0,0,0,0,0,5.366772518,0.055214079,5.421986597
13.8,6.67425,0,0,0,0,9.608999,20.95,2.002,-14.942,0,0,0,0,0,0,0,0,0,4.59326674,0.107536647,4.700803387
13.9,7.919,0,0,0,0,8.875,17.573,2.361,-14.936,0,0,0,0,0,0,0,0,0,3.543466653,0.005248039,3.548714692
14,8.57575,0,0,0,0,8.195,13.895,6.028,-12.945,0,0,0,0,0,0,0,0,0,2.249269902,0.143729056,2.392998957
14.1,8.953501,0,0,0,0,7.431,9.84,10.54,-7.719,0,0,0,0,0,0,0,0,0,0.75,0.174983266,0.924983266
14.2,8.98175,0,0,0,0,6.657,5.866,14.232,-1.094,0,0,0,0,0,0,0,0,0,-0.908788495,0.107428204,-0.801360291
14.3,7.9725,0,0,0,0,5.982,2.662,16.258,3.898,0,0,0,0,0,0,0,0,0,-2.676694134,0.196592426,-2.480101708
14.4,6.64325,0,0,0,0,5.35,-0.515,17.389,8.722,0,0,0,0,0,0,0,0,0,-4.5,0.040096937,-4.459903063
14.5,5.588,0,0,0,0,4.776,-3.375,17.483,12.743,0,0,0,0,0,0,0,0,0,-6.323305866,0.062088177,-6.261217689
14.6,4.9005,0,0,0,0,4.26,-5.986,17.043,16.398,0,0,0,0,0,0,0,0,0,-8.091211505,0.151996087,-7.939215417
14.7,4.54825,0,0,0,0,3.833,-8.064,16.24,18.688,0,0,0,0,0,0,0,0,0,-9.75,0.084461499,-9.665538501
14.8,4.5,0,0,0,0,3.453,-9.994,14.9,20.602,0,0,0,0,0,0,0,0,0,-11.2492699,0.097080452,-11.15218945
14.9,4.49975,0,0,0,0,3.137,-11.606,13.051,21.873,0,0,0,0,0,0,0,0,0,-12.54346665,0.024666823,-12.51879983
15,4.5,0,0,0,0,2.879,-12.954,10.63,22.473,0,0,0,0,0,0,0,0,0,-13.59326674,0.045893942,-13.5473728
15.1,5.60075,0,0,0,0,2.592,-14.442,9.99,22.476,0,0,0,0,0,0,0,0,0,-14.36677252,0.132438747,-14.23433377
15.2,0,0,0,0,0,2.564,-14.598,9.941999,22.31,0,0,0,0,0,0,0,0,0,-14.84048141,0.088528975,-14.75195243
15.3,7.04675,0,0,0,0,2.508,-14.924,9.633,21.043,0,0,0,0,0,0,0,0,0,-15,0.049921797,-14.9500782
15.4,8.437,0,0,0,0,2.743,-14.974,8.82,17.223,0,0,0,0,0,0,0,0,0,-14.64222118,0.097083304,-14.54513787
15.5,9.019751,0,0,0,0,5.601,-13.555,8.232,14.014,0,0,0,0,0,0,0,0,0,-13.59326674,0.144875537,-13.4483912
15.6,9.4375,0,0,0,0,10.473,-8.481,7.431,9.742,0,0,0,0,0,0,0,0,0,-11.9246212,0.11953641,-11.80508479
15.7,9.495501,0,0,0,0,14.184,-2.232,6.62,5.608,0,0,0,0,0,0,0,0,0,-9.75,0.013065796,-9.736934204
15.8,8.621,0,0,0,0,16.471,3.205,6.006,2.674,0,0,0,0,0,0,0,0,0,-7.217599974,0.060842929,-7.156757045
15.9,7.26925,0,0,0,0,17.784,8.103,5.374,-0.466,0,0,0,0,0,0,0,0,0,-4.5,0.011573723,-4.488426277
16,6.1125,0,0,0,0,17.996,12.641,4.704,-3.848,0,0,0,0,0,0,0,0,0,-1.782400026,0.175841053,-1.606558973
16.1,5.45725,0,0,0,0,17.741,15.487,4.298,-5.775,0,0,0,0,0,0,0,0,0,0.75,0.098595117,0.848595117
16.2,5.06825,0,0,0,0,16.989,18.278,3.847,-8.046,0,0,0,0,0,0,0,0,0,2.924621202,0.14537062,3.069991822
16.3,4.9995,0,0,0,0,15.762,20.342,3.466,-9.969,0,0,0,0,0,0,0,0,0,4.59326674,0.007436576,4.600703316
16.4,5,0,0,0,0,14.038,21.744,3.146,-11.598,0,0,0,0,0,0,0,0,0,5.642221176,0.19737186,5.839593036
16.5,4.99975,0,0,0,0,11.774,22.442,2.87,-13.008,0,0,0,0,0,0,0,0,0,6,0.177282775,6.177282775
16.6,4.99325,0,0,0,0,10.495,22.491,2.593,-14.452,0,0,0,0,0,0,0,0,0,5.840481407,0.020563493,5.861044899
16.7,4.9095,0,0,0,0,10.454,22.344,2.56,-14.61,0,0,0,0,0,0,0,0,0,5.366772518,0.043378807,5.410151325
16.8,4.762,0,0,0,0,10.156,21.103,2.508,-14.911,0,0,0,0,0,0,0,0,0,4.59326674,0.01668719,4.60995393
16.9,4.6045,0,0,0,0,9.257,16.839,2.859,-14.937,0,0,0,0,0,0,0,0,0,3.543466653,0.157514123,3.700980776
17,4.55475,0,0,0,0,8.768,14.189,5.307,-13.8,0,0,0,0,0,0,0,0,0,2.249269902,0.167100225,2.416370127
17.1,4.5085,0,0,0,0,7.983,9.994,10.117,-9.013,0,0,0,0,0,0,0,0,0,0.75,0.102407217,0.852407217
17.2,4.49525,0,0,0,0,7.096,5.508,14.533,-1.474,0,0,0,0,0,0,0,0,0,-0.908788495,0.155207954,-0.753580541
17.3,3.79825,0,0,0,0,6.546,2.861,16.328,2.67,0,0,0,0,0,0,0,0,0,-2.676694134,0.010157326,-2.666536808
17.4,2.4375,0,0,0,0,5.908,-0.297,17.724,7.626,0,0,0,0,0,0,0,0,0,-4.5,0.062174796,-4.437825204
17.5,1.219,0,0,0,0,5.268,-3.502,17.992,12.536,0,0,0,0,0,0,0,0,0,-6.323305866,0.162601433,-6.160704432
17.6,0.53725,0,0,0,0,4.821,-5.703,17.734,15.317,0,0,0,0,0,0,0,0,0,-8.091211505,0.178245854,-7.912965651
17.7,0.102,0,0,0,0,4.372,-7.941,16.982,18.091,0,0,0,0,0,0,0,0,0,-9.75,0.012099201,-9.737900799
17.8,-0.0005,0,0,0,0,3.945,-10.064,15.582,20.393,0,0,0,0,0,0,0,0,0,-11.2492699,0.126801005,-11.1224689
17.9,0,0,0,0,0,3.652,-11.589,13.856,21.72,0,0,0,0,0,0,0,0,0,-12.54346665,0.107234195,-12.43623246
18,-0.00025,0,0,0,0,3.404,-12.827,11.838,22.385,0,0,0,0,0,0,0,0,0,-13.59326674,0.093197464,-13.50006928
18.1,0.0015,0,0,0,0,3.158,-14.336,10.506,22.505,0,0,0,0,0,0,0,0,0,-14.36677252,0.007331147,-14.35944137
18.2,0.75975,0,0,0,0,3.077,-14.525,10.47,22.388,0,0,0,0,0,0,0,0,0,-14.84048141,0.189537462,-14.65094394
18.3,2.30475,0,0,0,0,3.009,-14.926,10.09,20.672,0,0,0,0,0,0,0,0,0,-15,0.177724131,-14.82227587
18.4,3.63825,0,0,0,0,3.202,-14.974,9.107,15.761,0,0,0,0,0,0,0,0,0,-14.64222118,0.120707376,-14.5215138
18.5,4.40075,0,0,0,0,4.974,-14.247,8.729,13.806,0,0,0,0,0,0,0,0,0,-13.59326674,0.102963433,-13.49030331
18.6,4.893,0,0,0,0,9.955,-9.695,7.87,9.272,0,0,0,0,0,0,0,0,0,-11.9246212,0.026336505,-11.8982847
18.7,5.00025,0,0,0,0,14.59,-2.426,6.962,4.668,0,0,0,0,0,0,0,0,0,-9.75,0.153163326,-9.596836674
18.8,4.49375,0,0,0,0,16.455,1.636,6.509,2.543,0,0,0,0,0,0,0,0,0,-7.217599974,0.104655666,-7.112944308
18.9,3.1235,0,0,0,0,18.062,7.008,5.874,-0.588,0,0,0,0,0,0,0,0,0,-4.5,0.005303696,-4.494696304
19,1.83775,0,0,0,0,18.501,12.448,5.096,-4.495,0,0,0,0,0,0,0,0,0,-1.782400026,0.077220189,-1.705179837
19.1,1.126,0,0,0,0,18.364,14.684,4.794,-5.916,0,0,0,0,0,0,0,0,0,0.75,0.108396548,0.858396548
19.2,0.64225,0,0,0,0,17.757,17.619,4.354,-8.107,0,0,0,0,0,0,0,0,0,2.924621202,0.080837701,3.005458903
19.3,0.5005,0,0,0,0,16.496,20.398,3.858,-10.639,0,0,0,0,0,0,0,0,0,4.59326674,0.091116162,4.684382902
19.4,0.49975,0,0,0,0,15.101,21.436,3.649,-11.622,0,0,0,0,0,0,0,0,0,5.642221176,0.114285448,5.756506624
19.5,0.5,0,0,0,0,13.05,22.313,3.393,-12.927,0,0,0,0,0,0,0,0,0,6,0.033075273,6.033075273
19.6,0.5,0,0,0,0,10.941,22.503,3.166,-14.215,0,0,0,0,0,0,0,0,0,5.840481407,0.166235774,6.006717181
19.7,1.0125,0,0,0,0,10.995,22.476,3.067,-14.606,0,0,0,0,0,0,0,0,0,5.366772518,0.097909845,5.464682363
19.8,2.536,0,0,0,0,10.749,21.511,3.009,-14.911,0,0,0,0,0,0,0,0,0,4.59326674,0.122722404,4.715989144
19.9,3.84975,0,0,0,0,10.192,18.989,2.999,-14.99,0,0,0,0,0,0,0,0,0,3.543466653,0.04235001,3.585816663
20,4.77825,0,0,0,0,9.433001,15.041,4.712,-14.261,0,0,0,0,0,0,0,0,0,2.249269902,0.045963319,2.29523322
20.1,5.33575,0,0,0,0,8.632,10.636,9.786,-9.797,0,0,0,0,0,0,0,0,0,0.75,0.194337829,0.944337829
20.2,5.49925,0,0,0,0,7.908,7.114,13.449,-3.758,0,0,0,0,0,0,0,0,0,-0.908788495,0.106881631,-0.801906864
20.3,5.224,0,0,0,0,7.192,3.552,16.335,1.731,0,0,0,0,0,0,0,0,0,-2.676694134,0.069851922,-2.606842213
20.4,3.8945,0,0,0,0,6.54,0.319,18.005,6.817,0,0,0,0,0,0,0,0,0,-4.5,0.070062029,-4.429937971
20.5,2.64275,0,0,0,0,5.929,-2.798,18.5,12.476,0,0,0,0,0,0,0,0,0,-6.323305866,0.041825221,-6.281480644
20.6,1.76025,0,0,0,0,5.426,-5.211,18.386,14.761,0,0,0,0,0,0,0,0,0,-8.091211505,0.018199444,-8.073012061
20.7,1.21125,0,0,0,0,4.964,-7.511,17.801,17.689,0,0,0,0,0,0,0,0,0,-9.75,0.087571514,-9.662428486
20.8,1.0015,0,0,0,0,4.545,-9.653,16.497,20.589,0,0,0,0,0,0,0,0,0,-11.2492699,0.128932023,-11.12033788
20.9,1,0,0,0,0,4.229,-11.197,15.192,21.447,0,0,0,0,0,0,0,0,0,-12.54346665,0.068703744,-12.47476291
21,1,0,0,0,0,3.958,-12.573,13.166,22.297,0,0,0,0,0,0,0,0,0,-13.59326674,0.133651425,-13.45961532
21.1,0.99975,0,0,0,0,3.749,-13.627,10.941,22.502,0,0,0,0,0,0,0,0,0,-14.36677252,0.006964487,-14.35980803
21.2,1.6475,0,0,0,0,3.573,-14.565,10.983,22.452,0,0,0,0,0,0,0,0,0,-14.84048141,0.076426168,-14.76405524
21.3,2.78975,0,0,0,0,3.52,-14.853,10.81,21.828,0,0,0,0,0,0,0,0,0,-15,0.139796815,-14.86020318
21.4,4.1625,0,0,0,0,3.5,-15,10.297,19.611,0,0,0,0,0,0,0,0,0,-14.64222118,0.011392979,-14.6308282
21.5,5.15275,0,0,0,0,4.671,-14.509,9.548,15.824,0,0,0,0,0,0,0,0,0,-13.59326674,0.000395149,-13.59287159
21.6,5.77925,0,0,0,0,9.533,-10.502,8.703,11.15,0,0,0,0,0,0,0,0,0,-11.9246212,0.18055487,-11.74406633
21.7,5.9975,0,0,0,0,13.5,-5.063,8.016001,7.766,0,0,0,0,0,0,0,0,0,-9.75,0.069083921,-9.680916079
21.8,5.77575,0,0,0,0,16.511,0.824,7.302,4.214,0,0,0,0,0,0,0,0,0,-7.217599974,0.000610392,-7.216989581
21.9,4.445,0,0,0,0,18.422,6.714,6.59,0.661,0,0,0,0,0,0,0,0,0,-4.5,0.031888137,-4.468111863
22,3.215,0,0,0,0,18.997,10.653,6.007,-2.27,0,0,0,0,0,0,0,0,0,-1.782400026,0.079796115,-1.702603911
22.1,2.30075,0,0,0,0,18.945,14.308,5.489,-4.79,0,0,0,0,0,0,0,0,0,0.75,0.191509959,0.941509959
22.2,1.73125,0,0,0,0,18.461,17.328,5.019,-7.146,0,0,0,0,0,0,0,0,0,2.924621202,0.133779552,3.058400755
22.3,1.50425,0,0,0,0,17.446,19.783,4.575,-9.438,0,0,0,0,0,0,0,0,0,4.59326674,0.140783647,4.734050386
22.4,1.49975,0,0,0,0,16.049,21.294,4.269,-10.935,0,0,0,0,0,0,0,0,0,5.642221176,0.117647035,5.759868211
22.5,1.49975,0,0,0,0,14.122,22.25,3.988,-12.363,0,0,0,0,0,0,0,0,0,6,0.134914895,6.134914895
22.6,1.5,0,0,0,0,11.849,22.5,3.771,-13.484,0,0,0,0,0,0,0,0,0,,0.08847139,0.08847139
22.7,2.1785,0,0,0,0,11.491,22.489,3.568,-14.573,0,0,0,0,0,0,0,0,0,,0.193996231,0.193996231
22.8,3.077,0,0,0,0,11.382,22.123,3.526,-14.79,0,0,0,0,0,0,0,0,0,,0.166372072,0.166372072
22.9,4.49575,0,0,0,0,10.943,20.269,3.501,-14.985,0,0,0,0,0,0,0,0,0,,0.005732997,0.005732997
23,5.544,0,0,0,0,10.211,16.705,4.584,-14.595,0,0,0,0,0,0,0,0,0,,0.087432079,0.087432079
23.1,6.20625,0,0,0,0,9.462999,12.71,8.916,-11.601,0,0,0,0,0,0,0,0,0,,0.175587174,0.175587174
23.2,6.48825,0,0,0,0,8.698999,8.733999,13.178,-5.901,0,0,0,0,0,0,0,0,0,,0.074233211,0.074233211
23.3,6.3685,0,0,0,0,7.962,5.064,16.317,0.182,0,0,0,0,0,0,0,0,0,,0.191620046,0.191620046
23.4,5.133,0,0,0,0,7.273,1.614,18.299,5.844,0,0,0,0,0,0,0,0,0,,0.114498637,0.114498637
23.5,3.85075,0,0,0,0,6.67,-1.357,18.988,10.117,0,0,0,0,0,0,0,0,0,,0.1255121,0.1255121
23.6,2.895,0,0,0,0,6.12,-4.095,18.955,13.912,0,0,0,0,0,0,0,0,0,,0.07118852,0.07118852
23.7,2.283,0,0,0,0,5.634,-6.524,18.488,17.021,0,0,0,0,0,0,0,0,0,,0.092883492,0.092883492
23.8,2.01375,0,0,0,0,5.198,-8.786,17.43,19.659,0,0,0,0,0,0,0,0,0,,0.162365476,0.162365476
23.9,1.99975,0,0,0,0,4.851,-10.485,16.11,21.127,0,0,0,0,0,0,0,0,0,,0.009366738,0.009366738
24,1.99975,0,0,0,0,4.553,-11.998,14.203,22.153,0,0,0,0,0,0,0,0,0,,0.124777377,0.124777377
24.1,2,0,0,0,0,4.321,-13.203,11.96,22.5,0,0,0,0,0,0,0,0,0,,0.054574852,0.054574852
24.2,2.58675,0,0,0,0,4.091,-14.445,11.479,22.441,0,0,0,0,0,0,0,0,0,,0.090156616,0.090156616
24.3,3.4075,0,0,0,0,4.044,-14.691,11.375,22.099,0,0,0,0,0,0,0,0,0,,0.049786436,0.049786436
24.4,4.87525,0,0,0,0,4.001,-14.984,10.862,19.903,0,0,0,0,0,0,0,0,0,,0.065292069,0.065292069
24.5,5.951,0,0,0,0,4.349,-14.91,10.201,16.685,0,0,0,0,0,0,0,0,0,,0.021262367,0.021262367
24.6,6.65625,0,0,0,0,8.473001,-12.344,9.438,12.515,0,0,0,0,0,0,0,0,0,,0.041941695,0.041941695
24.7,6.977,0,0,0,0,12.935,-6.849,8.669001,8.511,0,0,0,0,0,0,0,0,0,,0.107161495,
24.8,6.91725,0,0,0,0,16.318,-0.855,7.923,4.818,0,0,0,0,0,0,0,0,0,,0.106045334,
